drop database if exists [Movies]
Go;

Create Database [Movies]
Go;

Use [Movies];

CREATE TABLE MOVIE (
  MOVIENO      INT PRIMARY KEY
, TITLE        VARCHAR(100)
, RELYEAR      SMALLINT
, RUNTIME      SMALLINT
);

CREATE TABLE ACTOR (
  ACTORNO    INT
, FULLNAME   VARCHAR(100)
, GIVENNAME  VARCHAR(100)
, SURNAME    VARCHAR(100)
, PRIMARY KEY (ACTORNO)
);

CREATE TABLE CASTING (
  CASTID  INT
, ACTORNO INT
, MOVIENO INT
, PRIMARY KEY (CASTID)
, FOREIGN KEY (ACTORNO) references ACTOR
, FOREIGN KEY (MOVIENO) references MOVIE
);


INSERT INTO MOVIE (MOVIENO, TITLE, RELYEAR, RUNTIME) VALUES (620,'Ghostbusters',1984,107),
(324668, 'Jason Bourne', 2016, 123),
(1572, 'Die Hard: With a Vengeance', 1995, 131),
(869, 'Planet of the Apes', 2001, 119),
(152532, 'Dallas Buyers Club', 2013, 117),
(58595, 'Snow White and the Huntsman', 2012, 127),
(10141, 'Dirty Rotten Scoundrels', 1988, 110),
(62211, 'Monsters University', 2013, 104),
(1637, 'Speed', 1994, 116),
(209112, 'Batman v Superman: Dawn of Justice', 2016, 151),
(8818, 'Evita', 1996, 134),
(10648, 'Magnum Force', 1973, 124),
(11300, 'Something Wild', 1986, 113),
(3981, 'What Women Want', 2000, 127),
(65754, 'The Girl with the Dragon Tattoo', 2009, 158),
(95, 'Armageddon', 1998, 151),
(8866, 'The Truth About Cats & Dogs', 1996, 93),
(674, 'Harry Potter and the Goblet of Fire', 2005, 157),
(11003, 'The Wedding Singer', 1998, 95),
(1930, 'The Amazing Spider-Man', 2012, 136),
(1422, 'The Departed', 2006, 151),
(261860, 'Dior and I', 2015, 90),
(120467, 'The Grand Budapest Hotel', 2014, 99),
(85350, 'Boyhood', 2014, 165),
(903, 'Cool Hand Luke', 1967, 126),
(293660, 'Deadpool', 2016, 108),
(22, 'Pirates of the Caribbean: The Curse of the Black Pearl', 2003, 143),
(712, 'Four Weddings and a Funeral', 1994, 117),
(102382, 'The Amazing Spider-Man 2', 2014, 142),
(2567, 'The Aviator', 2004, 170),
(45772, 'Gnomeo & Juliet', 2011, 84),
(816, 'Austin Powers: International Man of Mystery', 1997, 94),
(11287, 'A League of Their Own', 1992, 128),
(24, 'Kill Bill: Vol. 1', 2003, 111),
(11631, 'Mamma Mia!', 2008, 108),
(773, 'Little Miss Sunshine', 2006, 102),
(11584, 'Roxanne', 1987, 107),
(121, 'The Lord of the Rings: The Two Towers', 2002, 179),
(91314, 'Transformers: Age of Extinction', 2014, 165),
(557, 'Spider-Man', 2002, 121),
(37799, 'The Social Network', 2010, 120),
(82693, 'Silver Linings Playbook', 2012, 122),
(414, 'Batman Forever', 1995, 121),
(114, 'Pretty Woman', 1990, 119),
(509, 'Notting Hill', 1999, 124),
(50544, 'Friends With Benefits', 2011, 109),
(24428, 'The Avengers', 2012, 143),
(9398, 'Zoolander', 2001, 89),
(163, 'Ocean''s Twelve', 2004, 125),
(7350, 'The Bucket List', 2007, 97),
(10764, 'Quantam of Solace', 2008, 106),
(153, 'Lost in Translation', 2003, 102),
(59436, 'Midnight in Paris', 2011, 94),
(164, 'Breakfast at Tiffany''s', 1961, 110),
(58574, 'Sherlock Holmes: A Game of Shadows', 2011, 129),
(2022, 'Mr. Deeds', 2002, 96),
(804, 'Roman Holiday', 1953, 118),
(16614, 'Adventureland', 2009, 107),
(19908, 'Zombieland', 2009, 88),
(310, 'Bruce Almighty', 2003, 101),
(10193, 'Toy Story 3', 2010, 103),
(607, 'Men in Black', 1997, 98),
(381, 'To Catch a Thief', 1955, 106),
(241259, 'Alice Through the Looking Glass', 2016, 118),
(37247, 'The Graduate', 1967, 106),
(817, 'Austin Powers: The Spy Who Shagged Me', 1999, 95),
(787, 'Mr. & Mrs. Smith', 2005, 120),
(1726, 'Iron Man', 2008, 126),
(10330, 'Freaky Friday', 2003, 97),
(37724, 'Skyfall', 2012, 143),
(568, 'Apollo 13', 1995, 140),
(271110, 'Captain America: Civil War', 2016, 146),
(287, 'Bull Durham', 1988, 108),
(77, 'Memento', 2000, 113),
(12445, 'Harry Potter and the Deathly Hallows: Part 2', 2011, 130),
(9277, 'The Sting', 1973, 129),
(257211, 'The Intern', 2015, 121),
(1574, 'Chicago', 2002, 113),
(137, 'Groundhog Day', 1993, 101),
(100402, 'Captain America: The Winter Soldier', 2014, 128),
(43074, 'Ghostbusters', 2016, 116),
(629, 'The Usual Suspects', 1995, 106),
(6037, 'Murder by Death', 1976, 94),
(818, 'Austin Powers in Goldmember', 2002, 94),
(4995, 'Boogie Nights', 1997, 155),
(559, 'Spider-Man 3', 2007, 139),
(74643, 'The Artist', 2011, 100),
(539, 'Psycho', 1960, 109),
(714, 'Tomorrow Never Dies', 1997, 119),
(424, 'Schindler''s List', 1993, 195),
(68721, 'Iron Man 3', 2013, 130),
(403, 'Driving Miss Daisy', 1989, 99),
(127585, 'X-Men: Days of Future Past', 2014, 131),
(9471, 'Charlie''s Angels: Full Throttle', 2003, 106),
(745, 'The Sixth Sense', 1999, 107),
(675, 'Harry Potter and the Order of the Phoenix', 2007, 138),
(10537, 'The Doors', 1991, 140),
(80278, 'The Impossible', 2012, 113),
(862, 'Toy Story', 1995, 81),
(268, 'Batman', 1989, 126),
(4327, 'Charlie''s Angels', 2000, 98),
(43347, 'Love & Other Drugs', 2010, 112),
(49040, 'The Bourne Legacy', 2012, 120),
(243, 'High Fidelity', 2000, 113),
(44147, 'Wild Target', 2010, 98),
(2067, 'Mission to Mars', 2000, 114),
(36657, 'X-Men', 2000, 104),
(22538, 'Scott Pilgrim vs. the World', 2010, 112),
(597, 'Titanic', 1997, 194),
(9928, 'Robots', 2005, 91),
(10710, 'Envy', 2004, 99),
(68718, 'Django Unchained', 2012, 165),
(8952, 'I Love You Phillip Morris', 2009, 98),
(861, 'Total Recall', 1990, 113),
(16084, 'Freaky Friday', 1976, 95),
(881, 'A Few Good Men', 1992, 138),
(7131, 'Van Helsing', 2004, 131),
(1552, 'Parenthood', 1989, 124),
(4638, 'Hot Fuzz', 2007, 121),
(68734, 'Argo', 2012, 120),
(10137, 'Stuart Little', 1999, 84),
(1493, 'Miss Congeniality', 2000, 109),
(1571, 'Live Free or Die Hard', 2007, 128),
(8699, 'Anchorman: The Legend of Ron Burgundy', 2004, 94),
(2157, 'Lost in Space', 1998, 130),
(604, 'The Matrix Reloaded', 2003, 138),
(211672, 'Minions', 2015, 91),
(155, 'The Dark Knight', 2008, 152),
(101299, 'The Hunger Games: Catching Fire', 2013, 146),
(245, 'About a Boy', 2002, 101),
(242582, 'Nightcrawler', 2014, 117),
(544, 'There''s Something About Mary', 1998, 119),
(7446, 'Tropic Thunder', 2008, 107),
(11665, 'Get Smart', 2008, 110),
(744, 'Top Gun', 1986, 110),
(9472, 'DodgeBall: A True Underdog Story', 2004, 92),
(1771, 'Captain America: The First Avenger', 2011, 124),
(9778, 'Serendipity', 2001, 90),
(54138, 'Star Trek Into Darkness', 2013, 132),
(807, 'Se7en', 1995, 127),
(11132, 'Confessions of a Teenage Drama Queen', 2004, 89),
(49051, 'The Hobbit: An Unexpected Journey', 2012, 169),
(2698, 'Evan Almighty', 2007, 96),
(747, 'Shaun of the Dead', 2004, 99),
(9502, 'Kung Fu Panda', 2008, 90),
(314, 'Catwoman', 2004, 104),
(74465, 'We Bought a Zoo', 2011, 124),
(56292, 'Mission: Impossible - Ghost Protocol', 2011, 133),
(863, 'Toy Story 2', 1999, 92),
(70, 'Million Dollar Baby', 2004, 132),
(1584, 'School of Rock', 2003, 108),
(19995, 'Avatar', 2009, 162),
(118, 'Charlie and the Chocolate Factory', 2005, 115),
(109445, 'Frozen', 2013, 102),
(31052, 'The Accidental Tourist', 1988, 121),
(152760, 'The Monuments Men', 2014, 118),
(2501, 'The Bourne Identity', 2002, 119),
(36669, 'Die Another Day', 2002, 133),
(131634, 'The Hunger Games: Mockingjay - Part 2', 2015, 136),
(1895, 'Star Wars: Episode III - Revenge of the Sith', 2005, 140),
(236, 'Muriel''s Wedding', 1994, 106),
(27205, 'Inception', 2010, 148),
(298, 'Ocean''s Thirteen', 2007, 122),
(127380, 'Finding Dory', 2016, 103),
(564, 'The Mummy', 1999, 124),
(676, 'Pearl Harbor', 2001, 183),
(80035, 'The Watch', 2012, 98),
(1573, 'Die Hard 2', 1990, 124),
(824, 'Moulin Rouge!', 2001, 127),
(489, 'Good Will Hunting', 1997, 126),
(603, 'The Matrix', 1999, 136),
(329833, 'Zoolander 2', 2016, 100),
(4808, 'Charade', 1963, 113),
(21332, 'Quicksilver', 1986, 115),
(651, 'MASH', 1970, 116),
(9522, 'Wedding Crashers', 2005, 119),
(254, 'King Kong', 2005, 187),
(299, 'Ocean''s Eleven', 1960, 127),
(1824, '50 First Dates', 2004, 99),
(671, 'Harry Potter and the Philosopher''s Stone', 2001, 152),
(34544, 'The A-Team', 2010, 117),
(36685, 'The Rocky Horror Picture Show', 1975, 100),
(27578, 'The Expendables', 2010, 103),
(82695, 'Les Miserables', 2012, 157),
(131631, 'The Hunger Games: Mockingjay - Part 1', 2014, 123),
(86834, 'Noah', 2014, 139),
(157336, 'Interstellar', 2014, 169),
(12157, 'Green Card', 1990, 108),
(10536, 'The Italian Job', 1969, 99),
(274, 'The Silence of the Lambs', 1991, 118),
(278, 'The Shawshank Redemption', 1994, 142),
(9880, 'The Princess Diaries', 2001, 115),
(1621, 'Trading Places', 1983, 116),
(11520, 'Grumpy Old Men', 1993, 103),
(272, 'Batman Begins', 2005, 140),
(9384, 'Starsky & Hutch', 2004, 101),
(7326, 'Juno', 2007, 96),
(871, 'Planet of the Apes', 1968, 112),
(672, 'Harry Potter and the Chamber of Secrets', 2002, 161),
(9836, 'Happy Feet', 2006, 108),
(508, 'Love Actually', 2003, 135),
(7980, 'The Lovely Bones', 2009, 135),
(87827, 'Life Of Pi', 2012, 127),
(8966, 'Twilight', 2008, 122),
(114150, 'Pitch Perfect', 2012, 112),
(7552, 'Fun With Dick and Jane', 2005, 90),
(11808, 'US Marshals', 1998, 131),
(11199, 'Wild Hogs', 2007, 100),
(393, 'Kill Bill: Vol. 2', 2004, 136),
(72105, 'Ted', 2012, 106),
(142, 'Brokeback Mountain', 2005, 134),
(162, 'Edward Scissorhands', 1990, 105),
(562, 'Die Hard', 1988, 131),
(558, 'Spider-Man 2', 2004, 127),
(32856, 'Valentine''s Day', 2010, 125),
(49521, 'Man of Steel', 2013, 143),
(1633, 'Fried Green Tomatoes', 1991, 130),
(68728, 'Oz: The Great and Powerful', 2013, 130),
(8963, 'Crimson Tide', 1995, 116),
(39513, 'Paul', 2011, 104),
(10688, 'Hamlet', 2000, 112),
(45243, 'The Hangover Part II', 2011, 102),
(122, 'The Lord of the Rings: The Return of the King', 2003, 201),
(17696, 'Robin and the 7 Hoods', 1964, 123),
(10316, 'The Ides of March', 2011, 101),
(355008, 'Special Correspondents', 2016, 100),
(11356, 'The Odd Couple', 1968, 106),
(475, 'Bonnie and Clyde', 1967, 111),
(11450, 'Quiz Show', 1994, 133),
(4944, 'Burn After Reading', 2008, 96),
(415, 'Batman & Robin', 1997, 125),
(790, 'The Fog', 1980, 89),
(161, 'Ocean''s Eleven', 2001, 116),
(10625, 'Mean Girls', 2004, 97),
(10364, 'Catch-22', 1970, 121),
(271718, 'Trainwreck', 2015, 125),
(9481, 'The Bone Collector', 1999, 118),
(1541, 'Thelma & Louise', 1991, 130),
(2034, 'Training Day', 2001, 122),
(212778, 'Chef', 2014, 115),
(550, 'Fight Club', 1999, 139),
(2616, 'Uncle Buck', 1989, 100),
(10776, 'Little Shop of Horrors', 1986, 94),
(767, 'Harry Potter and the Half-Blood Prince', 2009, 153),
(290250, 'The Nice Guys', 2016, 116),
(316023, 'Mike & Dave Need Wedding Dates', 2016, 98),
(277, 'Underworld', 2003, 121),
(120, 'The Lord of the Rings: The Fellowship of the Ring', 2001, 178),
(206647, 'Spectre', 2015, 148),
(1858, 'Transformers', 2007, 144),
(680, 'Pulp Fiction', 1994, 154),
(226486, 'Tammy', 2014, 97),
(187, 'Sin City', 2005, 124),
(22970, 'The Cabin in the Woods', 2012, 95),
(673, 'Harry Potter and the Prisoner of Azkaban', 2004, 141),
(70160, 'The Hunger Games', 2012, 142),
(12096, 'The Pink Panther', 2006, 93),
(168672, 'American Hustle', 2013, 138),
(1593, 'Night at the Museum', 2006, 108),
(421, 'The Life Aquatic With Steve Zissou', 2004, 119),
(9676, 'The Black Dahlia', 2006, 121),
(62213, 'Dark Shadows', 2012, 113),
(11774, 'Lemony Snicket''s A Series of Unfortunate Events', 2004, 108),
(49026, 'The Dark Knight Rises', 2012, 165),
(605, 'The Matrix Revolutions', 2003, 129),
(9377, 'Ferris Bueller''s Day Off', 1986, 103),
(72190, 'World War Z', 2013, 116),
(62838, 'New Year''s Eve', 2011, 118),
(78, 'Blade Runner', 1982, 117),
(76492, 'Hotel Transylvania', 2012, 91),
(4599, 'Raising Helen', 2004, 119),
(10549, 'Hamlet', 1996, 242),
(634, 'Bridget Jones''s Diary', 2001, 97),
(10528, 'Sherlock Holmes', 2009, 128),
(18785, 'The Hangover', 2009, 100),
(141, 'Donnie Darko', 2001, 113),
(11967, 'Young Guns', 1988, 107),
(9722, 'Bewitched', 2005, 102),
(58233, 'Johnny English Reborn', 2011, 101),
(8467, 'Dumb and Dumber', 1994, 107),
(9654, 'The Italian Job', 2003, 111),
(10195, 'Thor', 2011, 115),
(64635, 'Total Recall', 2012, 121),
(350, 'The Devil Wears Prada', 2006, 109),
(23082, 'The Invention of Lying', 2009, 100),
(788, 'Mrs. Doubtfire', 1993, 125),
(203801, 'The Man from U.N.C.L.E.', 2015, 116),
(77866, 'Contraband', 2012, 109),
(76338, 'Thor: The Dark World', 2013, 112),
(12560, 'The Big Chill', 1983, 105),
(57201, 'The Lone Ranger', 2013, 149),
(12444, 'Harry Potter and the Deathly Hallows: Part 1', 2010, 146),
(10138, 'Iron Man 2', 2010, 124),
(83542, 'Cloud Atlas', 2012, 172),
(534, 'Terminator Salvation', 2009, 115),
(6957, 'The 40 Year Old Virgin', 2005, 116),
(76163, 'The Expendables 2', 2012, 103),
(9486, 'Johnny English', 2003, 88),
(83686, 'The Words', 2012, 96),
(2289, 'Cold Mountain', 2003, 154),
(9899, 'The Producers', 2005, 134),
(9824, 'Mystery Men', 1999, 121),
(10264, 'Hamlet', 1990, 130),
(49047, 'Gravity', 2013, 91),
(5503, 'The Fugitive', 1993, 130),
(642, 'Butch Cassidy and the Sundance Kid', 1969, 110),
(1635, 'The Island', 2005, 136),
(23629, 'Sucker Punch', 2011, 110),
(37233, 'The Firm', 1993, 154),
(136795, 'The Heat', 2013, 117),
(9798, 'Enemy of the State', 1998, 132),
(44214, 'Black Swan', 2010, 108),
(275, 'Fargo', 1996, 98),
(286217, 'The Martian', 2015, 141);


INSERT INTO ACTOR (ActorNo,FullName,GivenName,Surname) values
(7, 'Andrew Stanton', 'Andrew', 'Stanton'),
(8, 'Lee Unkrich', 'Lee', 'Unkrich'),
(10, 'Bob Peterson', 'Bob', 'Peterson'),
(19, 'Allison Janney', 'Allison', 'Janney'),
(31, 'Tom Hanks', 'Tom', 'Hanks'),
(35, 'Sally Field', 'Sally', 'Field'),
(48, 'Sean Bean', 'Sean', 'Bean'),
(62, 'Bruce Willis', 'Bruce', 'Willis'),
(64, 'Gary Oldman', 'Gary', 'Oldman'),
(65, 'Ian Holm', 'Ian', 'Holm'),
(85, 'Johnny Depp', 'Johnny', 'Depp'),
(109, 'Elijah Wood', 'Elijah', 'Wood'),
(110, 'Viggo Mortensen', 'Viggo', 'Mortensen'),
(112, 'Cate Blanchett', 'Cate', 'Blanchett'),
(113, 'Christopher Lee', 'Christopher', 'Lee'),
(114, 'Orlando Bloom', 'Orlando', 'Bloom'),
(131, 'Jake Gyllenhaal', 'Jake', 'Gyllenhaal'),
(134, 'Jamie Foxx', 'Jamie', 'Foxx'),
(139, 'Uma Thurman', 'Uma', 'Thurman'),
(140, 'Lucy Liu', 'Lucy', 'Liu'),
(147, 'Michael Madsen', 'Michael', 'Madsen'),
(192, 'Morgan Freeman', 'Morgan', 'Freeman'),
(193, 'Gene Hackman', 'Gene', 'Hackman'),
(205, 'Kirsten Dunst', 'Kirsten', 'Dunst'),
(206, 'Jim Carrey', 'Jim', 'Carrey'),
(207, 'Tom Wilkinson', 'Tom', 'Wilkinson'),
(227, 'William Hurt', 'William', 'Hurt'),
(228, 'Ed Harris', 'Ed', 'Harris'),
(287, 'Brad Pitt', 'Brad', 'Pitt'),
(335, 'Michael Shannon', 'Michael', 'Shannon'),
(349, 'Scott Glenn', 'Scott', 'Glenn'),
(368, 'Reese Witherspoon', 'Reese', 'Witherspoon'),
(378, 'Jonathan Pryce', 'Jonathan', 'Pryce'),
(380, 'Robert De Niro', 'Robert', 'De Niro'),
(388, 'Jim Broadbent', 'Jim', 'Broadbent'),
(448, 'Hilary Swank', 'Hilary', 'Swank'),
(454, 'Michael Peña', 'Michael', 'Peña'),
(477, 'Julie Walters', 'Julie', 'Walters'),
(500, 'Tom Cruise', 'Tom', 'Cruise'),
(504, 'Tim Robbins', 'Tim', 'Robbins'),
(514, 'Jack Nicholson', 'Jack', 'Nicholson'),
(517, 'Pierce Brosnan', 'Pierce', 'Brosnan'),
(524, 'Natalie Portman', 'Natalie', 'Portman'),
(526, 'Lukas Haas', 'Lukas', 'Haas'),
(529, 'Guy Pearce', 'Guy', 'Pearce'),
(530, 'Carrie-Anne Moss', 'Carrie-Anne', 'Moss'),
(532, 'Joe Pantoliano', 'Joe', 'Pantoliano'),
(534, 'Mark Boone Junior', 'Mark', 'Boone Junior'),
(535, 'Russ Fega', 'Russ', 'Fega'),
(537, 'Stephen Tobolowsky', 'Stephen', 'Tobolowsky'),
(585, 'Rutger Hauer', 'Rutger', 'Hauer'),
(589, 'Daryl Hannah', 'Daryl', 'Hannah'),
(655, 'John Rhys-Davies', 'John', 'Rhys-Davies'),
(658, 'Alfred Molina', 'Alfred', 'Molina'),
(707, 'Dan Aykroyd', 'Dan', 'Aykroyd'),
(819, 'Edward Norton', 'Edward', 'Norton'),
(827, 'Elliott Gould', 'Elliott', 'Gould'),
(865, 'Michael Bay', 'Michael', 'Bay'),
(880, 'Ben Affleck', 'Ben', 'Affleck'),
(882, 'Liv Tyler', 'Liv', 'Tyler'),
(884, 'Steve Buscemi', 'Steve', 'Buscemi'),
(886, 'William Fichtner', 'William', 'Fichtner'),
(887, 'Owen Wilson', 'Owen', 'Wilson'),
(934, 'Russell Crowe', 'Russell', 'Crowe'),
(976, 'Jason Statham', 'Jason', 'Statham'),
(1064, 'Crispin Glover', 'Crispin', 'Glover'),
(1100, 'Arnold Schwarzenegger', 'Arnold', 'Schwarzenegger'),
(1121, 'Benicio del Toro', 'Benicio', 'del Toro'),
(1204, 'Julia Roberts', 'Julia', 'Roberts'),
(1210, 'Héctor Elizondo', 'Héctor', 'Elizondo'),
(1230, 'John Goodman', 'John', 'Goodman'),
(1231, 'Julianne Moore', 'Julianne', 'Moore'),
(1233, 'Philip Seymour Hoffman', 'Philip', 'Seymour Hoffman'),
(1245, 'Scarlett Johansson', 'Scarlett', 'Johansson'),
(1269, 'Kevin Costner', 'Kevin', 'Costner'),
(1271, 'Andy García', 'Andy', 'García'),
(1283, 'Helena Bonham Carter', 'Helena', 'Bonham Carter'),
(1294, 'Missi Pyle', 'Missi', 'Pyle'),
(1327, 'Ian McKellen', 'Ian', 'McKellen'),
(1328, 'Sean Astin', 'Sean', 'Astin'),
(1329, 'Billy Boyd', 'Billy', 'Boyd'),
(1330, 'Dominic Monaghan', 'Dominic', 'Monaghan'),
(1331, 'Hugo Weaving', 'Hugo', 'Weaving'),
(1333, 'Andy Serkis', 'Andy', 'Serkis'),
(1365, 'Lawrence Makoare', 'Lawrence', 'Makoare'),
(1369, 'Bernard Hill', 'Bernard', 'Hill'),
(1371, 'David Wenham', 'David', 'Wenham'),
(1372, 'Karl Urban', 'Karl', 'Urban'),
(1461, 'George Clooney', 'George', 'Clooney'),
(1532, 'Bill Murray', 'Bill', 'Murray'),
(1533, 'Andie MacDowell', 'Andie', 'MacDowell'),
(1542, 'Willie Garson', 'Willie', 'Garson'),
(1640, 'Stellan Skarsgård', 'Stellan', 'Skarsgård'),
(1643, 'Adrian Rawlins', 'Adrian', 'Rawlins'),
(1665, 'Eddie Marsan', 'Eddie', 'Marsan'),
(1771, 'Giovanni Ribisi', 'Giovanni', 'Ribisi'),
(1813, 'Anne Hathaway', 'Anne', 'Hathaway'),
(1834, 'Shirley Henderson', 'Shirley', 'Henderson'),
(1892, 'Matt Damon', 'Matt', 'Damon'),
(1893, 'Casey Affleck', 'Casey', 'Affleck'),
(1894, 'Scott Caan', 'Scott', 'Caan'),
(1895, 'Carl Reiner', 'Carl', 'Reiner'),
(1896, 'Don Cheadle', 'Don', 'Cheadle'),
(1897, 'Bernie Mac', 'Bernie', 'Mac'),
(1898, 'Eddie Jemison', 'Eddie', 'Jemison'),
(1900, 'Shaobo Qin', 'Shaobo', 'Qin'),
(1903, 'Alan Arkin', 'Alan', 'Arkin'),
(1920, 'Winona Ryder', 'Winona', 'Ryder'),
(1922, 'Catherine Zeta-Jones', 'Catherine', 'Zeta-Jones'),
(1923, 'Robbie Coltrane', 'Robbie', 'Coltrane'),
(1925, 'Vincent Cassel', 'Vincent', 'Cassel'),
(1926, 'Eddie Izzard', 'Eddie', 'Izzard'),
(1932, 'Audrey Hepburn', 'Audrey', 'Hepburn'),
(1936, 'Martin Balsam', 'Martin', 'Balsam'),
(1954, 'Billy Zane', 'Billy', 'Zane'),
(2037, 'Cillian Murphy', 'Cillian', 'Murphy'),
(2039, 'Brendan Gleeson', 'Brendan', 'Gleeson'),
(2053, 'Bill Paxton', 'Bill', 'Paxton'),
(2141, 'Ned Bellamy', 'Ned', 'Bellamy'),
(2157, 'Robin Williams', 'Robin', 'Williams'),
(2176, 'Tommy Lee Jones', 'Tommy', 'Lee Jones'),
(2192, 'Lambert Wilson', 'Lambert', 'Wilson'),
(2207, 'Lois Smith', 'Lois', 'Smith'),
(2219, 'Tobey Maguire', 'Tobey', 'Maguire'),
(2227, 'Nicole Kidman', 'Nicole', 'Kidman'),
(2231, 'Samuel L. Jackson', 'Samuel', 'L. Jackson'),
(2283, 'Stanley Tucci', 'Stanley', 'Tucci'),
(2295, 'Mickey Rourke', 'Mickey', 'Rourke'),
(2296, 'Clive Owen', 'Clive', 'Owen'),
(2299, 'Josh Hartnett', 'Josh', 'Hartnett'),
(2368, 'Elya Baskin', 'Elya', 'Baskin'),
(2387, 'Patrick Stewart', 'Patrick', 'Stewart'),
(2440, 'Bill Nighy', 'Bill', 'Nighy'),
(2482, 'David O''Hara', 'David', 'O''Hara'),
(2505, 'James Cromwell', 'James', 'Cromwell'),
(2535, 'Vivica A. Fox', 'Vivica', 'A. Fox'),
(2536, 'Michael Parks', 'Michael', 'Parks'),
(2954, 'Jeffrey Wright', 'Jeffrey', 'Wright'),
(2975, 'Laurence Fishburne', 'Laurence', 'Fishburne'),
(3051, 'Toni Collette', 'Toni', 'Collette'),
(3061, 'Ewan McGregor', 'Ewan', 'McGregor'),
(3125, 'Madonna', 'Madonna', 'Madonna'),
(3141, 'Marisa Tomei', 'Marisa', 'Tomei'),
(3151, 'Jack Lemmon', 'Jack', 'Lemmon'),
(3223, 'Robert Downey Jr.', 'Robert', 'Downey Jr.'),
(3234, 'Joan Cusack', 'Joan', 'Cusack'),
(3291, 'Hugh Grant', 'Hugh', 'Grant'),
(3293, 'Rachel Weisz', 'Rachel', 'Weisz'),
(3300, 'Natalia Tena', 'Natalia', 'Tena'),
(3636, 'Paul Newman', 'Paul', 'Newman'),
(3796, 'Michael Gough', 'Michael', 'Gough'),
(3798, 'Pat Hingle', 'Pat', 'Hingle'),
(3801, 'Tracey Walter', 'Tracey', 'Walter'),
(3894, 'Christian Bale', 'Christian', 'Bale'),
(3895, 'Michael Caine', 'Michael', 'Caine'),
(3896, 'Liam Neeson', 'Liam', 'Neeson'),
(3899, 'Ken Watanabe', 'Ken', 'Watanabe'),
(3905, 'William H. Macy', 'William', 'H. Macy'),
(3911, 'John Carroll Lynch', 'John', 'Carroll Lynch'),
(3926, 'Albert Finney', 'Albert', 'Finney'),
(3967, 'Kate Beckinsale', 'Kate', 'Beckinsale'),
(4038, 'Susan Sarandon', 'Susan', 'Sarandon'),
(4135, 'Robert Redford', 'Robert', 'Redford'),
(4139, 'Tom Skerritt', 'Tom', 'Skerritt'),
(4173, 'Anthony Hopkins', 'Anthony', 'Hopkins'),
(4175, 'Jeffrey Tambor', 'Jeffrey', 'Tambor'),
(4430, 'Sharon Stone', 'Sharon', 'Stone'),
(4432, 'Frances Conroy', 'Frances', 'Conroy'),
(4483, 'Dustin Hoffman', 'Dustin', 'Hoffman'),
(4492, 'Philip Baker Hall', 'Philip', 'Baker Hall'),
(4495, 'Steve Carell', 'Steve', 'Carell'),
(4566, 'Alan Rickman', 'Alan', 'Rickman'),
(4581, 'Steve Coogan', 'Steve', 'Coogan'),
(4587, 'Halle Berry', 'Halle', 'Berry'),
(4589, 'Benjamin Bratt', 'Benjamin', 'Bratt'),
(4690, 'Christopher Walken', 'Christopher', 'Walken'),
(4724, 'Kevin Bacon', 'Kevin', 'Bacon'),
(4756, 'Matthew Broderick', 'Matthew', 'Broderick'),
(4764, 'John C. Reilly', 'John', 'C. Reilly'),
(4935, 'Pete Postlethwaite', 'Pete', 'Postlethwaite'),
(4937, 'Vince Vaughn', 'Vince', 'Vaughn'),
(5049, 'John Hurt', 'John', 'Hurt'),
(5064, 'Meryl Streep', 'Meryl', 'Streep'),
(5081, 'Emily Blunt', 'Emily', 'Blunt'),
(5149, 'Bonnie Hunt', 'Bonnie', 'Hunt'),
(5151, 'Beth Grant', 'Beth', 'Grant'),
(5292, 'Denzel Washington', 'Denzel', 'Washington'),
(5293, 'Willem Dafoe', 'Willem', 'Dafoe'),
(5309, 'Judi Dench', 'Judi', 'Dench'),
(5469, 'Ralph Fiennes', 'Ralph', 'Fiennes'),
(5472, 'Colin Firth', 'Colin', 'Firth'),
(5502, 'Bill Nunn', 'Bill', 'Nunn'),
(5538, 'Ray Winstone', 'Ray', 'Winstone'),
(5576, 'Val Kilmer', 'Val', 'Kilmer'),
(5577, 'Chris O''Donnell', 'Chris', 'O''Donnell'),
(5587, 'Hank Azaria', 'Hank', 'Azaria'),
(5658, 'Michael Gambon', 'Michael', 'Gambon'),
(5723, 'John Leguizamo', 'John', 'Leguizamo'),
(6162, 'Paul Bettany', 'Paul', 'Bettany'),
(6193, 'Leonardo DiCaprio', 'Leonardo', 'DiCaprio'),
(6199, 'Miriam Margolyes', 'Miriam', 'Margolyes'),
(6368, 'Embeth Davidtz', 'Embeth', 'Davidtz'),
(6384, 'Keanu Reeves', 'Keanu', 'Reeves'),
(6573, 'William Sadler', 'William', 'Sadler'),
(6576, 'Mark Rolston', 'Mark', 'Rolston'),
(6752, 'Zeljko Ivanek', 'Zeljko', 'Ivanek'),
(6837, 'Walter Matthau', 'Walter', 'Matthau'),
(6941, 'Cameron Diaz', 'Cameron', 'Diaz'),
(6949, 'John Malkovich', 'John', 'Malkovich'),
(6968, 'Hugh Jackman', 'Hugh', 'Jackman'),
(7026, 'Rhys Ifans', 'Rhys', 'Ifans'),
(7056, 'Emma Thompson', 'Emma', 'Thompson'),
(7060, 'Martin Freeman', 'Martin', 'Freeman'),
(7090, 'Kelsey Grammer', 'Kelsey', 'Grammer'),
(7166, 'Kevin Pollak', 'Kevin', 'Pollak'),
(7167, 'Don Rickles', 'Don', 'Rickles'),
(7219, 'David Andrews', 'David', 'Andrews'),
(7399, 'Ben Stiller', 'Ben', 'Stiller'),
(7447, 'Alec Baldwin', 'Alec', 'Baldwin'),
(7624, 'Stan Lee', 'Stan', 'Lee'),
(7672, 'Reginald VelJohnson', 'Reginald', 'VelJohnson'),
(7676, 'William Atherton', 'William', 'Atherton'),
(7795, 'Buck Henry', 'Buck', 'Henry'),
(7882, 'Jeff Pidgeon', 'Jeff', 'Pidgeon'),
(7904, 'Billy Crystal', 'Billy', 'Crystal'),
(7906, 'Jennifer Tilly', 'Jennifer', 'Tilly'),
(7907, 'John Ratzenberger', 'John', 'Ratzenberger'),
(7908, 'Frank Oz', 'Frank', 'Oz'),
(7911, 'Joe Ranft', 'Joe', 'Ranft'),
(8189, 'Tracy Reiner', 'Tracy', 'Reiner'),
(8191, 'Chris Ellis', 'Chris', 'Ellis'),
(8265, 'John Michael Higgins', 'John', 'Michael Higgins'),
(8293, 'Marion Cotillard', 'Marion', 'Cotillard'),
(8349, 'Martin Sheen', 'Martin', 'Sheen'),
(8447, 'Jeff Daniels', 'Jeff', 'Daniels'),
(8534, 'Kathy Bates', 'Kathy', 'Bates'),
(8655, 'R. Lee Ermey', 'R.', 'Lee Ermey'),
(8691, 'Zoe Saldana', 'Zoe', 'Saldana'),
(8784, 'Daniel Craig', 'Daniel', 'Craig'),
(8785, 'Ciarán Hinds', 'Ciarán', 'Hinds'),
(8872, 'Rick Moranis', 'Rick', 'Moranis'),
(8873, 'Annie Potts', 'Annie', 'Potts'),
(8874, 'Ernie Hudson', 'Ernie', 'Hudson'),
(8930, 'John Cleese', 'John', 'Cleese'),
(8944, 'Jamie Lee Curtis', 'Jamie', 'Lee Curtis'),
(9048, 'Clark Gregg', 'Clark', 'Gregg'),
(9137, 'Renée Zellweger', 'Renée', 'Zellweger'),
(9138, 'Gemma Jones', 'Gemma', 'Jones'),
(9191, 'Timothy Spall', 'Timothy', 'Spall'),
(9208, 'Robert Wagner', 'Robert', 'Wagner'),
(9273, 'Amy Adams', 'Amy', 'Adams'),
(9278, 'Jennifer Garner', 'Jennifer', 'Garner'),
(9281, 'Elizabeth Banks', 'Elizabeth', 'Banks'),
(9462, 'Randall Duk Kim', 'Randall', 'Duk Kim'),
(9464, 'Harry Lennix', 'Harry', 'Lennix'),
(9594, 'Katharine Ross', 'Katharine', 'Ross'),
(9642, 'Jude Law', 'Jude', 'Law'),
(9777, 'Cuba Gooding Jr.', 'Cuba', 'Gooding Jr.'),
(10017, 'Charlton Heston', 'Charlton', 'Heston'),
(10127, 'Jon Voight', 'Jon', 'Voight'),
(10132, 'Colm Feore', 'Colm', 'Feore'),
(10205, 'Sigourney Weaver', 'Sigourney', 'Weaver'),
(10297, 'Matthew McConaughey', 'Matthew', 'McConaughey'),
(10655, 'Leslie Phillips', 'Leslie', 'Phillips'),
(10727, 'John Hannah', 'John', 'Hannah'),
(10730, 'Rowan Atkinson', 'Rowan', 'Atkinson'),
(10743, 'Ricky Jay', 'Ricky', 'Jay'),
(10859, 'Ryan Reynolds', 'Ryan', 'Reynolds'),
(10860, 'Jessica Biel', 'Jessica', 'Biel'),
(10978, 'Maggie Smith', 'Maggie', 'Smith'),
(10980, 'Daniel Radcliffe', 'Daniel', 'Radcliffe'),
(10981, 'Fiona Shaw', 'Fiona', 'Shaw'),
(10982, 'Harry Melling', 'Harry', 'Melling'),
(10983, 'Richard Griffiths', 'Richard', 'Griffiths'),
(10987, 'Verne Troyer', 'Verne', 'Troyer'),
(10988, 'Geraldine Somerville', 'Geraldine', 'Somerville'),
(10989, 'Rupert Grint', 'Rupert', 'Grint'),
(10990, 'Emma Watson', 'Emma', 'Watson'),
(10991, 'Bonnie Wright', 'Bonnie', 'Wright'),
(10992, 'Chris Rankin', 'Chris', 'Rankin'),
(10993, 'Tom Felton', 'Tom', 'Felton'),
(11006, 'James Marsden', 'James', 'Marsden'),
(11064, 'David Strathairn', 'David', 'Strathairn'),
(11066, 'Hal Holbrook', 'Hal', 'Holbrook'),
(11086, 'Michael Ironside', 'Michael', 'Ironside'),
(11108, 'Simon Pegg', 'Simon', 'Pegg'),
(11109, 'Nick Frost', 'Nick', 'Frost'),
(11179, 'Sean Biggerstaff', 'Sean', 'Biggerstaff'),
(11180, 'David Bradley', 'David', 'Bradley'),
(11184, 'Warwick Davis', 'Warwick', 'Davis'),
(11207, 'David Thewlis', 'David', 'Thewlis'),
(11212, 'Josh Herdman', 'Josh', 'Herdman'),
(11291, 'Clémence Poésy', 'Clémence', 'Poésy'),
(11355, 'Jason Isaacs', 'Jason', 'Isaacs'),
(11357, 'Bruce Campbell', 'Bruce', 'Campbell'),
(11701, 'Angelina Jolie', 'Angelina', 'Jolie'),
(11769, 'Ted Raimi', 'Ted', 'Raimi'),
(11806, 'Julia Sweeney', 'Julia', 'Sweeney'),
(11855, 'Geraldine James', 'Geraldine', 'James'),
(12041, 'Julia Stiles', 'Julia', 'Stiles'),
(12052, 'Gwyneth Paltrow', 'Gwyneth', 'Paltrow'),
(12073, 'Mike Myers', 'Mike', 'Myers'),
(12133, 'Laurie Metcalf', 'Laurie', 'Metcalf'),
(12208, 'Ozzy Osbourne', 'Ozzy', 'Osbourne'),
(12371, 'Richard Cetrone', 'Richard', 'Cetrone'),
(12898, 'Tim Allen', 'Tim', 'Allen'),
(12900, 'Wallace Shawn', 'Wallace', 'Shawn'),
(12901, 'Erik von Detten', 'Erik', 'von Detten'),
(13014, 'Toby Jones', 'Toby', 'Jones'),
(13022, 'Tom Berenger', 'Tom', 'Berenger'),
(13240, 'Mark Wahlberg', 'Mark', 'Wahlberg'),
(13242, 'Paul Giamatti', 'Paul', 'Giamatti'),
(13524, 'Christopher Guest', 'Christopher', 'Guest'),
(13919, 'Michael York', 'Michael', 'York'),
(13920, 'Mimi Rogers', 'Mimi', 'Rogers'),
(13922, 'Seth Green', 'Seth', 'Green'),
(13924, 'Mindy Sterling', 'Mindy', 'Sterling'),
(14064, 'Norman Fell', 'Norman', 'Fell'),
(14329, 'Dean Norris', 'Dean', 'Norris'),
(14343, 'Rene Russo', 'Rene', 'Russo'),
(14407, 'Matt LeBlanc', 'Matt', 'LeBlanc'),
(14833, 'Harold Gould', 'Harold', 'Gould'),
(15277, 'Jon Favreau', 'Jon', 'Favreau'),
(15286, 'Christine Taylor', 'Christine', 'Taylor'),
(15318, 'Keith Campbell', 'Keith', 'Campbell'),
(15440, 'Jared Harris', 'Jared', 'Harris'),
(15661, 'Clint Howard', 'Clint', 'Howard'),
(15737, 'Helen McCrory', 'Helen', 'McCrory'),
(15758, 'Queen Latifah', 'Queen', 'Latifah'),
(15831, 'Frank Welker', 'Frank', 'Welker'),
(16119, 'Charles Napier', 'Charles', 'Napier'),
(16165, 'Jon Lovitz', 'Jon', 'Lovitz'),
(16828, 'Chris Evans', 'Chris', 'Evans'),
(16935, 'Geena Davis', 'Geena', 'Davis'),
(16940, 'Jeremy Irons', 'Jeremy', 'Irons'),
(17051, 'James Franco', 'James', 'Franco'),
(17052, 'Topher Grace', 'Topher', 'Grace'),
(17064, 'Ben Whishaw', 'Ben', 'Whishaw'),
(17140, 'Abigail Breslin', 'Abigail', 'Breslin'),
(17287, 'Dominic West', 'Dominic', 'West'),
(17289, 'Rodrigo Santoro', 'Rodrigo', 'Santoro'),
(17401, 'Stephen Root', 'Stephen', 'Root'),
(17419, 'Bryan Cranston', 'Bryan', 'Cranston'),
(17604, 'Jeremy Renner', 'Jeremy', 'Renner'),
(17605, 'Idris Elba', 'Idris', 'Elba'),
(17832, 'Carla Gugino', 'Carla', 'Gugino'),
(17835, 'Ricky Gervais', 'Ricky', 'Gervais'),
(18070, 'Nicky Katt', 'Nicky', 'Katt'),
(18277, 'Sandra Bullock', 'Sandra', 'Bullock'),
(18324, 'Steve Zahn', 'Steve', 'Zahn'),
(18473, 'James Badge Dale', 'James', 'Badge Dale'),
(18973, 'Mila Kunis', 'Mila', 'Kunis'),
(18998, 'Rosemary Harris', 'Rosemary', 'Harris'),
(18999, 'J.K. Simmons', 'J.K.', 'Simmons'),
(19153, 'Cliff Robertson', 'Cliff', 'Robertson'),
(19274, 'Seth Rogen', 'Seth', 'Rogen'),
(19278, 'Bill Hader', 'Bill', 'Hader'),
(19292, 'Adam Sandler', 'Adam', 'Sandler'),
(19326, 'John Paxton', 'John', 'Paxton'),
(19545, 'Jack Angel', 'Jack', 'Angel'),
(19923, 'Hugh Bonneville', 'Hugh', 'Bonneville'),
(20089, 'Jena Malone', 'Jena', 'Malone'),
(20582, 'Michael Papajohn', 'Michael', 'Papajohn'),
(20818, 'Allen Covert', 'Allen', 'Covert'),
(20982, 'Marton Csokas', 'Marton', 'Csokas'),
(20999, 'Mark Williams', 'Mark', 'Williams'),
(21007, 'Jonah Hill', 'Jonah', 'Hill'),
(22226, 'Paul Rudd', 'Paul', 'Rudd'),
(23532, 'Jason Bateman', 'Jason', 'Bateman'),
(23659, 'Will Ferrell', 'Will', 'Ferrell'),
(27105, 'Ed Helms', 'Ed', 'Helms'),
(27578, 'Ellen Page', 'Ellen', 'Page'),
(27972, 'Josh Hutcherson', 'Josh', 'Hutcherson'),
(28633, 'Richard Jenkins', 'Richard', 'Jenkins'),
(28638, 'David Koechner', 'David', 'Koechner'),
(28640, 'Molly Shannon', 'Molly', 'Shannon'),
(28782, 'Monica Bellucci', 'Monica', 'Bellucci'),
(30614, 'Ryan Gosling', 'Ryan', 'Gosling'),
(36422, 'Luke Wilson', 'Luke', 'Wilson'),
(37625, 'Andrew Garfield', 'Andrew', 'Garfield'),
(37917, 'Kristen Stewart', 'Kristen', 'Stewart'),
(38334, 'Jennifer Coolidge', 'Jennifer', 'Coolidge'),
(39189, 'Stephen Merchant', 'Stephen', 'Merchant'),
(40481, 'Luis Guzmán', 'Luis', 'Guzmán'),
(41091, 'Kristen Wiig', 'Kristen', 'Wiig'),
(42317, 'Scott Lawrence', 'Scott', 'Lawrence'),
(43373, 'Aaron Himelstein', 'Aaron', 'Himelstein'),
(43461, 'Endre Hules', 'Endre', 'Hules'),
(43775, 'Jane Lynch', 'Jane', 'Lynch'),
(44735, 'Jesse Eisenberg', 'Jesse', 'Eisenberg'),
(47533, 'Paula Malcomson', 'Paula', 'Malcomson'),
(49265, 'Lindsay Lohan', 'Lindsay', 'Lohan'),
(51072, 'Kate Mara', 'Kate', 'Mara'),
(51329, 'Bradley Cooper', 'Bradley', 'Cooper'),
(52603, 'Alfonso Freeman', 'Alfonso', 'Freeman'),
(52699, 'Danny Mann', 'Danny', 'Mann'),
(52852, 'Kat Dennings', 'Kat', 'Dennings'),
(52865, 'Garry Shandling', 'Garry', 'Shandling'),
(53256, 'Terry Crews', 'Terry', 'Crews'),
(53650, 'Anthony Mackie', 'Anthony', 'Mackie'),
(53714, 'Rachel McAdams', 'Rachel', 'McAdams'),
(53807, 'Armie Hammer', 'Armie', 'Hammer'),
(54693, 'Emma Stone', 'Emma', 'Stone'),
(55411, 'David Gyasi', 'David', 'Gyasi'),
(55536, 'Melissa McCarthy', 'Melissa', 'McCarthy'),
(55636, 'Donald Sutherland', 'Donald', 'Sutherland'),
(57755, 'Woody Harrelson', 'Woody', 'Harrelson'),
(59841, 'Matt Walsh', 'Matt', 'Walsh'),
(60348, 'Dave Legeno', 'Dave', 'Legeno'),
(60898, 'Sebastian Stan', 'Sebastian', 'Stan'),
(61182, 'Gillian Vigman', 'Gillian', 'Vigman'),
(61969, 'Phil Proctor', 'Phil', 'Proctor'),
(61981, 'Michael Clarke Duncan', 'Michael', 'Clarke Duncan'),
(62861, 'Andy Samberg', 'Andy', 'Samberg'),
(65827, 'Keith David', 'Keith', 'David'),
(66743, 'Matt Bomer', 'Matt', 'Bomer'),
(67773, 'Steve Martin', 'Steve', 'Martin'),
(69122, 'Heather Graham', 'Heather', 'Graham'),
(69597, 'Drew Barrymore', 'Drew', 'Barrymore'),
(70851, 'Jack Black', 'Jack', 'Black'),
(71070, 'Amanda Seyfried', 'Amanda', 'Seyfried'),
(71580, 'Benedict Cumberbatch', 'Benedict', 'Cumberbatch'),
(72129, 'Jennifer Lawrence', 'Jennifer', 'Lawrence'),
(73968, 'Henry Cavill', 'Henry', 'Cavill'),
(74568, 'Chris Hemsworth', 'Chris', 'Hemsworth'),
(77069, 'Lenny Kravitz', 'Lenny', 'Kravitz'),
(79079, 'Jamie McShane', 'Jamie', 'McShane'),
(84213, 'Bill Farmer', 'Bill', 'Farmer'),
(84223, 'Anna Kendrick', 'Anna', 'Kendrick'),
(84493, 'Mickie McGowan', 'Mickie', 'McGowan'),
(91606, 'Tom Hiddleston', 'Tom', 'Hiddleston'),
(95469, 'Shannon Wilcox', 'Shannon', 'Wilcox'),
(96066, 'Liam Hemsworth', 'Liam', 'Hemsworth'),
(96841, 'Matthew Lewis', 'Matthew', 'Lewis'),
(96851, 'James Phelps', 'James', 'Phelps'),
(119592, 'Aubrey Plaza', 'Aubrey', 'Plaza'),
(121953, 'Stephanie Szostak', 'Stephanie', 'Szostak'),
(125025, 'Joey King', 'Joey', 'King'),
(127048, 'Nate Corddry', 'Nate', 'Corddry'),
(139549, 'Rory Kinnear', 'Rory', 'Kinnear'),
(140367, 'Evanna Lynch', 'Evanna', 'Lynch'),
(140368, 'Oliver Phelps', 'Oliver', 'Phelps'),
(156739, 'Bernard White', 'Bernard', 'White'),
(157626, 'Jan Rabson', 'Jan', 'Rabson'),
(162924, 'Rob Moran', 'Rob', 'Moran'),
(173451, 'Jed Brophy', 'Jed', 'Brophy'),
(212604, 'Adam DeVine', 'Adam', 'DeVine'),
(214701, 'Sherry Lynn', 'Sherry', 'Lynn'),
(234921, 'Arben Bajraktaraj', 'Arben', 'Bajraktaraj'),
(234922, 'Devon Murray', 'Devon', 'Murray'),
(234923, 'Alfie Enoch', 'Alfie', 'Enoch'),
(234924, 'Jessie Cave', 'Jessie', 'Cave'),
(234925, 'Shefali Chowdhury', 'Shefali', 'Chowdhury'),
(234926, 'Afshan Azad', 'Afshan', 'Azad'),
(234928, 'Scarlett Byrne', 'Scarlett', 'Byrne'),
(234929, 'Anna Shaffer', 'Anna', 'Shaffer'),
(234933, 'Katie Leung', 'Katie', 'Leung'),
(234934, 'Freddie Stroma', 'Freddie', 'Stroma'),
(237455, 'Sam Claflin', 'Sam', 'Claflin'),
(530025, 'Willow Shields', 'Willow', 'Shields'),
(565498, 'Laura Cayouette', 'Laura', 'Cayouette'),
(568374, 'William Melling', 'William', 'Melling'),
(956224, 'Jamie Waylett', 'Jamie', 'Waylett'),
(956719, 'Tim DeZarn', 'Tim', 'DeZarn'),
(990136, 'Judd Lormand', 'Judd', 'Lormand'),
(1018947, 'Maximiliano Hernández', 'Maximiliano', 'Hernández'),
(1116442, 'John Morris', 'John', 'Morris'),
(1182929, 'Freema Agyeman', 'Freema', 'Agyeman'),
(1278367, 'Calvin Dean', 'Calvin', 'Dean'),
(1360008, 'Joseph Oliveira', 'Joseph', 'Oliveira'),
(1429470, 'Nick W. Nicholson', 'Nick', 'W. Nicholson'),
(1574936, 'Mark Falvo', 'Mark', 'Falvo');
;


INSERT INTO CASTING (Castid, ActorNo,MovieNo) values (1,17832,209112),
(2,956224,675),
(3,5576,744),
(4,10990,673),
(5,3967,77866),
(6,18324,10688),
(7,1230,91314),
(8,5502,558),
(9,70851,10710),
(10,119592,316023),
(11,1897,163),
(12,7882,863),
(13,4690,9522),
(14,85,118),
(15,1923,674),
(16,72129,261860),
(17,11066,10648),
(18,589,78),
(19,388,4638),
(20,2440,4638),
(21,3967,64635),
(22,10978,674),
(23,887,9384),
(25,62861,76492),
(26,11207,12445),
(27,3223,68721),
(28,707,620),
(29,2231,1726),
(30,2975,209112),
(31,17287,58233),
(32,3905,4995),
(33,112,122),
(34,335,209112),
(35,529,68721),
(36,17287,1574),
(37,477,12444),
(38,537,11199),
(39,7219,550),
(40,11184,767),
(41,8265,114150),
(42,74568,58595),
(43,3300,12445),
(44,884,275),
(45,6837,11356),
(46,2157,788),
(47,19923,509),
(48,8534,32856),
(49,8655,863),
(50,7624,558),
(51,17605,76338),
(52,5293,421),
(53,6576,91314),
(54,880,489),
(55,52699,10193),
(56,2176,5503),
(57,72129,82693),
(58,71070,10625),
(59,19326,558),
(60,4135,100402),
(61,121953,68721),
(62,18473,68721),
(63,7219,72190),
(64,7907,127380),
(65,532,603),
(66,9281,559),
(67,10727,712),
(68,84493,863),
(69,85,57201),
(70,12898,862),
(71,1245,9676),
(72,1329,120),
(73,5081,350),
(74,3061,8952),
(75,62861,80035),
(76,140368,767),
(78,13240,72105),
(79,4566,12445),
(80,192,403),
(81,140,9502),
(82,12898,863),
(83,14833,10137),
(84,1665,58595),
(85,139,24),
(86,147,24),
(87,11184,675),
(88,9281,101299),
(89,13242,9928),
(90,3291,712),
(91,127048,136795),
(92,1233,4995),
(93,9191,10549),
(94,96841,674),
(95,287,163),
(96,378,22),
(97,10727,564),
(98,1640,10195),
(99,70851,243),
(100,2227,824),
(101,6368,102382),
(102,1360008,157336),
(103,61981,1635),
(104,12073,816),
(105,10978,12445),
(106,112,121),
(107,1896,161),
(108,13022,2034),
(109,19278,39513),
(110,1461,298),
(111,11769,68728),
(112,1640,24428),
(113,11108,747),
(114,7056,12445),
(115,62861,50544),
(116,55636,2289),
(117,1903,68734),
(118,1429470,10138),
(119,1283,118),
(120,1372,54138),
(121,3293,564),
(122,16119,816),
(123,1813,49026),
(124,1278367,558),
(125,827,298),
(126,5293,558),
(127,1813,43347),
(128,10205,127380),
(129,60898,44214),
(130,1771,72105),
(131,13920,2157),
(132,70851,9798),
(133,10743,714),
(134,9642,58574),
(135,228,49047),
(136,131,142),
(137,4690,10710),
(138,74568,10195),
(139,18999,83686),
(140,55536,136795),
(141,17832,49521),
(142,1898,163),
(143,70851,1584),
(144,1327,49051),
(145,514,7350),
(146,53256,27578),
(147,1360008,155),
(148,40481,4995),
(149,10993,671),
(150,227,31052),
(151,121953,74465),
(152,8784,37724),
(153,53714,10625),
(154,11355,675),
(155,3895,9722),
(156,2192,605),
(157,3894,168672),
(158,2368,816),
(159,2227,9836),
(160,3061,1895),
(161,11180,672),
(162,234923,12445),
(163,234934,12445),
(164,12052,68721),
(165,1813,142),
(166,9048,10195),
(167,6968,127585),
(168,530,605),
(169,131,242582),
(170,7908,62211),
(171,1954,329833),
(172,1371,122),
(173,2283,101299),
(174,3061,824),
(175,114,120),
(176,2299,676),
(177,2231,393),
(178,827,651),
(179,3291,634),
(180,5151,1637),
(181,119592,22538),
(182,10990,671),
(183,2176,1771),
(184,60348,272),
(185,2283,131634),
(186,7399,9472),
(187,10982,12444),
(188,6752,68734),
(189,6941,544),
(190,8785,12444),
(191,1331,604),
(192,15277,68721),
(193,12900,10193),
(194,2231,1572),
(195,3894,272),
(196,84493,10193),
(197,2295,10138),
(198,3905,9824),
(199,1532,4327),
(200,20999,674),
(201,1932,164),
(202,11806,62211),
(203,5658,767),
(204,15318,1930),
(205,37917,8966),
(206,12371,22970),
(207,11006,9398),
(208,49265,10625),
(209,11855,58574),
(210,23659,816),
(211,4432,2567),
(212,534,77),
(213,13524,10776),
(214,11109,747),
(215,1532,152760),
(216,77069,329833),
(217,19278,7446),
(218,193,37233),
(219,5151,773),
(220,1018947,100402),
(221,110,120),
(222,16828,22538),
(223,1245,10138),
(224,19292,11003),
(225,11355,95),
(226,3801,274),
(227,27105,2698),
(228,205,559),
(229,1278367,74643),
(230,52852,6957),
(231,11291,674),
(232,1233,131634),
(233,85,22),
(234,5587,114),
(235,1331,120),
(236,4587,36657),
(237,1210,62838),
(238,74568,43074),
(239,2387,36657),
(240,19292,76492),
(241,504,8699),
(242,5538,58595),
(243,865,95),
(244,5472,634),
(245,42317,54138),
(246,36422,8699),
(247,1365,120),
(248,19326,557),
(249,23659,817),
(250,234929,767),
(251,10655,12445),
(252,655,122),
(253,17140,773),
(254,517,788),
(255,2039,674),
(256,10990,86834),
(257,11291,12445),
(258,5049,12444),
(259,18070,155),
(260,9048,629),
(261,6573,278),
(262,6752,83686),
(263,4173,76338),
(264,6162,68721),
(265,6384,603),
(266,139549,44147),
(267,52699,9836),
(268,1100,76163),
(269,139,9899),
(270,10991,673),
(271,67773,12096),
(272,10983,671),
(273,3895,1493),
(274,1892,324668),
(275,658,558),
(276,234922,12444),
(277,388,12445),
(278,514,268),
(279,4173,10195),
(280,1893,163),
(281,17419,773),
(282,14833,9277),
(283,6199,12445),
(284,3895,272),
(285,5469,206647),
(286,4175,18785),
(287,79079,242582),
(289,14064,299),
(290,19278,54138),
(291,10017,869),
(292,11109,39513),
(293,157626,10193),
(294,37917,16614),
(295,17832,1593),
(296,20089,101299),
(297,140,393),
(298,4764,1574),
(299,11006,36657),
(300,2227,2289),
(301,147,10537),
(302,13922,9798),
(303,10297,157336),
(304,10860,32856),
(305,1210,114),
(306,156739,604),
(307,1333,49051),
(308,934,49521),
(309,1900,161),
(310,6752,49040),
(311,28633,7552),
(312,27105,18785),
(313,3223,24428),
(314,16165,11287),
(315,14833,10330),
(316,5538,86834),
(317,9281,131634),
(318,11701,9502),
(319,1903,162),
(320,10991,674),
(321,8655,807),
(322,2192,604),
(323,7624,293660),
(324,2975,605),
(325,1116442,863),
(326,10205,620),
(327,9191,674),
(328,47533,101299),
(329,4495,6957),
(330,3911,39513),
(331,1461,152760),
(332,2227,9722),
(333,10988,671),
(334,72129,127585),
(335,28640,2698),
(336,5292,9481),
(337,18998,10549),
(338,71070,82695),
(339,1204,161),
(340,7090,127585),
(341,3896,49026),
(342,448,9676),
(343,74568,76338),
(344,2207,12157),
(345,11855,65754),
(346,15286,329833),
(347,227,271110),
(348,1204,509),
(349,1371,824),
(350,1892,1422),
(351,388,824),
(352,11180,675),
(353,4935,629),
(354,15440,58574),
(355,4492,9798),
(356,73968,49521),
(357,5469,12444),
(358,234934,767),
(359,13922,9654),
(360,192,278),
(361,72129,101299),
(362,11180,674),
(363,11184,672),
(364,1121,187),
(365,9281,114150),
(366,96066,76163),
(367,60898,271110),
(368,5064,350),
(369,880,209112),
(370,84223,22538),
(371,10990,674),
(372,15440,2157),
(373,5577,414),
(374,21007,23082),
(375,10859,293660),
(376,4492,4995),
(377,140368,675),
(378,517,36669),
(379,3293,245),
(380,2231,10138),
(381,1896,10138),
(382,887,9398),
(383,3894,534),
(384,234926,12444),
(385,529,77),
(386,84223,316023),
(387,17051,68728),
(388,7676,1573),
(389,10989,12444),
(390,2231,68718),
(391,10992,675),
(392,1813,82695),
(393,1640,11631),
(394,8189,562),
(395,3141,11199),
(396,207,57201),
(397,477,671),
(398,13014,1771),
(399,10132,10195),
(400,4566,562),
(402,16935,1541),
(403,2535,393),
(404,19278,127380),
(405,7624,1726),
(406,10978,6037),
(407,51072,286217),
(408,1245,1635),
(409,13922,816),
(410,11769,558),
(411,62,95),
(412,23659,9899),
(413,7911,863),
(414,119592,62211),
(415,7907,10193),
(416,4135,9277),
(417,15831,91314),
(418,12371,23629),
(419,5502,557),
(420,2440,12444),
(421,17835,23082),
(422,1954,9398),
(423,53714,58574),
(424,11180,4638),
(425,2387,45772),
(426,1461,10316),
(427,10982,675),
(428,15831,862),
(429,69597,9471),
(430,65827,544),
(431,5576,10537),
(432,11108,4638),
(433,55411,83542),
(434,1369,121),
(435,6199,10776),
(436,162924,54138),
(437,1331,122),
(438,532,77),
(439,3911,11520),
(440,69597,11003),
(441,20999,12444),
(442,880,676),
(443,1896,271110),
(444,73968,203801),
(445,1542,10330),
(446,6968,9836),
(447,8655,862),
(448,7624,559),
(449,9191,11774),
(450,6199,9836),
(451,8872,620),
(452,9462,9502),
(453,12208,824),
(454,17051,559),
(455,69597,1824),
(456,234922,767),
(457,28782,206647),
(458,1834,672),
(459,1922,1574),
(460,48,122),
(461,534,272),
(462,18973,68728),
(463,139,680),
(464,530,604),
(465,53807,37799),
(466,3905,275),
(467,51072,10138),
(468,61182,45243),
(469,206,8467),
(470,62,1572),
(471,10990,767),
(472,8265,7552),
(473,4135,642),
(474,6837,4808),
(475,234933,12445),
(476,7447,676),
(477,1331,1858),
(478,206,8952),
(479,3926,37724),
(480,51329,18785),
(481,28633,4944),
(482,53807,57201),
(483,53650,271110),
(484,7624,102382),
(485,7166,11520),
(486,52865,100402),
(487,17604,56292),
(488,8872,10776),
(489,1018947,10195),
(490,17401,9472),
(491,3801,268),
(492,8447,8467),
(493,139549,37724),
(494,7167,10193),
(495,193,475),
(496,19278,62211),
(497,956719,22970),
(498,19153,559),
(499,9048,10138),
(500,380,168672),
(501,36422,9471),
(502,51329,45243),
(503,9464,209112),
(504,1954,597),
(505,10987,671),
(506,589,11520),
(507,64,272),
(508,7167,863),
(509,7399,1593),
(510,62,76163),
(511,8655,80035),
(512,234926,675),
(513,1269,287),
(514,1231,5503),
(516,20982,120),
(518,5723,824),
(519,10132,676),
(520,3967,676),
(521,7624,557),
(522,1897,298),
(523,3895,10141),
(524,1892,163),
(525,504,243),
(526,12133,863),
(527,10989,674),
(528,7090,863),
(529,9208,818),
(530,565498,68718),
(531,16165,9899),
(532,55536,43074),
(533,44735,16614),
(534,1271,43074),
(535,4937,9398),
(536,1369,122),
(537,8655,10193),
(538,7672,620),
(539,4566,12444),
(540,140367,12445),
(541,57755,50544),
(542,884,2022),
(543,18999,4944),
(544,10987,818),
(545,535,77),
(546,13014,58595),
(547,19326,559),
(548,707,43074),
(549,19292,2022),
(550,61981,187),
(551,5469,12445),
(552,2283,7980),
(553,10993,672),
(554,17835,355008),
(555,1327,121),
(556,10980,673),
(557,504,744),
(558,28633,22970),
(559,3151,11356),
(560,51329,9522),
(561,31,83542),
(562,234923,673),
(563,60898,286217),
(564,20818,1824),
(565,10127,1858),
(566,4038,7980),
(567,11086,534),
(568,16828,1771),
(569,64,155),
(570,7904,62211),
(571,140367,767),
(573,1330,121),
(574,13919,816),
(575,1245,100402),
(576,7672,1573),
(577,62,1573),
(578,9464,49521),
(579,10987,817),
(580,14407,4327),
(581,60348,12445),
(582,5658,673),
(583,1925,324668),
(584,2231,24428),
(585,7672,562),
(586,1271,163),
(587,4756,271718),
(588,7624,76338),
(589,4139,744),
(590,4937,9384),
(591,1269,209112),
(592,4139,651),
(593,1643,12444),
(594,43373,818),
(595,2975,604),
(596,13014,100402),
(597,9642,10528),
(598,8930,9471),
(599,14407,2157),
(600,11066,790),
(601,96841,675),
(602,1897,9471),
(603,65,122),
(604,9281,6957),
(605,15440,203801),
(606,53256,11665),
(607,234924,767),
(608,1771,153),
(609,12898,11199),
(610,5469,675),
(611,4495,9722),
(612,13240,7980),
(613,2283,91314),
(614,10860,34544),
(615,2157,489),
(616,6162,24428),
(617,1329,122),
(618,67773,11584),
(619,23659,329833),
(620,96851,673),
(621,44735,19908),
(622,5587,9472),
(623,1813,241259),
(624,10988,767),
(625,10980,271718),
(626,378,714),
(627,568374,674),
(628,3051,226486),
(629,60898,100402),
(630,13919,818),
(631,9642,2567),
(632,4587,62838),
(633,11855,10528),
(634,61981,95),
(635,1372,121),
(636,8784,65754),
(637,1665,58574),
(638,1327,120),
(639,7166,881),
(640,1896,68721),
(641,16828,100402),
(642,7447,1422),
(643,976,9654),
(644,4483,11774),
(645,4175,45243),
(646,52852,76338),
(647,1643,674),
(648,112,421),
(649,207,56292),
(650,10860,62838),
(651,9642,2289),
(652,11212,767),
(653,3967,9778),
(654,534,807),
(655,388,634),
(656,884,680),
(657,3051,773),
(658,18070,187),
(659,13920,10537),
(660,5293,127380),
(661,2219,558),
(662,865,1858),
(663,2954,101299),
(664,2176,607),
(665,20582,557),
(666,11179,12445),
(667,18277,1637),
(668,1371,7131),
(669,61969,862),
(670,8349,1422),
(671,5469,424),
(673,4175,544),
(674,60898,1771),
(675,1116442,862),
(676,3061,9928),
(677,234926,12445),
(678,2227,414),
(679,10989,671),
(680,9273,49521),
(681,17051,557),
(682,8349,102382),
(683,11291,12444),
(684,47533,70160),
(685,3896,424),
(686,1210,9880),
(687,15277,1726),
(688,887,329833),
(689,1429470,1726),
(690,7,863),
(691,13242,10316),
(692,12052,818),
(693,707,1621),
(695,67773,10776),
(696,8691,19995),
(697,8873,620),
(698,1204,163),
(699,20089,2289),
(700,20582,559),
(701,976,12096),
(702,8874,43074),
(703,51329,168672),
(704,537,1541),
(705,12208,43074),
(706,10981,671),
(707,5538,2289),
(708,11109,58595),
(709,10127,9398),
(710,214701,863),
(711,2141,68718),
(712,23532,23082),
(713,1294,118),
(714,234934,12444),
(715,477,675),
(716,1643,675),
(717,8349,1930),
(718,10743,4995),
(719,23532,9384),
(720,140368,12445),
(721,2299,187),
(722,37625,1930),
(723,206,7552),
(724,568374,675),
(725,62,163),
(726,2387,72105),
(727,84223,114150),
(728,17140,62838),
(729,12371,10195),
(730,7,862),
(731,7447,2567),
(732,3051,245),
(733,4937,80035),
(734,234933,767),
(735,1283,550),
(736,28640,76492),
(737,9137,634),
(738,17419,64635),
(739,2535,24),
(740,234925,12445),
(741,62,562),
(742,8691,54138),
(743,5292,8963),
(744,1813,350),
(745,3223,7446),
(746,1331,605),
(747,2536,68718),
(748,192,7350),
(749,3300,245),
(750,5149,10193),
(751,35,1930),
(752,21007,80035),
(753,10730,712),
(755,9777,881),
(756,17604,271110),
(757,19,226486),
(758,4175,23082),
(759,7056,508),
(760,12052,24428),
(761,13922,817),
(762,6368,634),
(763,707,1824),
(764,10297,152532),
(765,9208,817),
(766,2536,68734),
(767,17287,127380),
(768,5658,421),
(769,1230,62211),
(770,658,4995),
(771,10991,671),
(772,1532,137),
(773,9048,1726),
(774,17605,127380),
(775,10989,675),
(776,1892,298),
(777,12073,817),
(778,55636,131634),
(779,36422,4327),
(780,16165,11003),
(781,17289,8952),
(782,55536,9471),
(783,6941,9471),
(784,6193,597),
(785,1920,2022),
(786,96841,672),
(787,10132,1574),
(788,96066,101299),
(789,13242,102382),
(790,4764,2567),
(791,51072,142),
(792,287,807),
(793,2505,6037),
(794,1461,161),
(795,5064,11774),
(796,5049,671),
(797,113,122),
(798,17140,4599),
(799,1923,673),
(800,20089,131634),
(801,237455,58595),
(802,10980,674),
(803,7624,68721),
(804,13919,817),
(805,95469,9880),
(806,49265,10330),
(807,17140,19908),
(808,1283,57201),
(809,11184,671),
(810,3899,91314),
(811,8,10193),
(812,2440,64635),
(813,234921,675),
(814,18473,1422),
(815,13524,881),
(816,55536,4327),
(817,62,9471),
(818,335,137),
(819,7219,568),
(820,10988,12444),
(821,1892,286217),
(822,7399,7446),
(823,43461,9398),
(824,3905,11199),
(825,5081,45772),
(826,1064,4327),
(827,193,9798),
(828,60348,767),
(829,10730,9486),
(830,18277,49047),
(831,1920,9398),
(832,10978,673),
(833,65827,83542),
(834,537,137),
(835,565498,9798),
(836,23659,9398),
(837,5658,675),
(838,287,1541),
(839,1330,120),
(840,15661,568),
(841,934,290250),
(842,23659,8699),
(843,9462,604),
(844,2039,2289),
(845,3234,243),
(847,4495,2698),
(848,1204,114),
(849,1245,153),
(850,65,49051),
(851,500,881),
(852,11212,674),
(853,37625,37799),
(854,884,62211),
(855,16828,271110),
(856,207,272),
(857,96841,767),
(859,234924,12444),
(860,1834,634),
(861,11180,671),
(862,11064,37233),
(863,3293,49040),
(864,16828,76338),
(865,2037,272),
(866,48,286217),
(867,1896,163),
(868,18998,559),
(869,19545,10193),
(870,1900,163),
(871,1116442,10193),
(872,4566,674),
(873,2440,747),
(874,64,2157),
(875,7907,862),
(876,827,161),
(877,234925,767),
(878,3899,27205),
(879,77069,9398),
(880,5502,559),
(881,18998,557),
(882,1283,12445),
(883,6162,271110),
(884,71580,54138),
(885,1233,23082),
(886,27972,70160),
(887,234933,12444),
(888,1329,121),
(889,5658,12445),
(890,162924,8467),
(891,20089,141),
(892,378,8818),
(893,1100,27578),
(894,2296,2501),
(895,12900,863),
(896,524,76338),
(897,1372,122),
(898,8293,27205),
(899,1461,163),
(900,55536,226486),
(901,8874,620),
(902,655,121),
(903,4566,241259),
(904,11066,37233),
(905,585,78),
(906,4587,127585),
(907,4937,9472),
(908,12901,862),
(909,41091,43074),
(910,11701,9481),
(911,43775,6957),
(912,65827,95),
(913,125025,49026),
(914,7090,91314),
(915,6384,604),
(916,28638,6957),
(917,3895,27205),
(918,64,674),
(919,4430,314),
(920,17604,10195),
(921,1532,10688),
(922,57755,70160),
(923,14343,10195),
(924,9281,558),
(925,1903,773),
(926,234924,12445),
(927,10017,10549),
(928,53650,100402),
(929,96851,12445),
(930,2482,77866),
(931,2157,10549),
(932,109,9836),
(933,10730,58233),
(934,61981,869),
(935,31,863),
(936,10983,673),
(937,18473,72190),
(938,79079,68734),
(939,2440,44147),
(940,23532,7326),
(941,8447,286217),
(942,526,27205),
(943,173451,49051),
(944,193,8963),
(945,10859,16614),
(946,4173,274),
(947,1574936,745),
(948,1925,44214),
(949,16119,11300),
(950,12371,49521),
(951,1230,2698),
(952,10991,767),
(953,11064,49040),
(954,19923,152760),
(956,139,393),
(957,3223,58574),
(958,4937,9522),
(960,10981,12444),
(961,13240,91314),
(962,12052,1726),
(963,8944,1621),
(964,585,187),
(965,19545,863),
(966,52852,10195),
(967,18070,1584),
(968,287,161),
(969,11180,673),
(970,16940,83686),
(971,1892,2501),
(972,11806,680),
(973,85,62213),
(974,84223,8966),
(975,1269,12560),
(976,388,83542),
(977,14329,37233),
(978,70851,254),
(979,287,550),
(980,1233,2289),
(981,7060,747),
(982,43373,100402),
(983,2037,49026),
(984,114,122),
(985,1371,121),
(986,7,127380),
(987,10127,676),
(988,65827,787),
(989,7026,1930),
(990,504,287),
(991,39189,4638),
(992,5472,508),
(993,1892,152760),
(994,11355,672),
(995,13240,9654),
(996,18998,558),
(997,1903,11665),
(998,530,77),
(999,10127,9798),
(1000,1532,153),
(1001,13240,77866),
(1002,5469,37724),
(1003,568374,12444),
(1004,658,62211),
(1005,1532,421),
(1007,10980,767),
(1008,173451,121),
(1009,27578,27205),
(1010,16935,10137),
(1011,454,286217),
(1012,524,44214),
(1013,4566,675),
(1014,10993,12444),
(1015,8873,862);

INSERT INTO CASTING (Castid, ActorNo,MovieNo) values  (1016,157626,863),
(1017,16940,1572),
(1018,52865,9398),
(1019,589,11584),
(1020,1920,162),
(1021,7624,10195),
(1022,77069,70160),
(1023,819,23082),
(1024,9281,70160),
(1025,234921,12445),
(1026,5292,2034),
(1027,11064,11287),
(1028,1283,767),
(1029,6368,65754),
(1030,10982,671),
(1031,1923,7131),
(1032,14329,861),
(1033,53256,76163),
(1034,192,310),
(1035,48,1635),
(1036,8930,672),
(1037,2219,557),
(1038,13920,816),
(1039,54693,19908),
(1040,205,557),
(1041,125025,68728),
(1042,35,788),
(1043,96851,767),
(1044,530,603),
(1045,77069,101299),
(1046,990136,114150),
(1047,12052,10138),
(1048,10,127380),
(1049,4690,680),
(1050,84493,862),
(1051,16940,209112),
(1052,11184,674),
(1053,15277,212778),
(1054,234928,12444),
(1055,10981,675),
(1056,6162,1726),
(1057,3896,272),
(1058,43373,243),
(1059,287,787),
(1060,12208,45772),
(1061,5309,206647),
(1062,19274,8699),
(1063,15661,1552),
(1064,9278,7326),
(1065,3796,415),
(1066,17604,49040),
(1067,85,162),
(1068,7908,1621),
(1069,6193,1422),
(1070,12073,818),
(1071,28638,39513),
(1072,1429470,68721),
(1073,707,403),
(1074,37917,58595),
(1075,234925,674),
(1076,11180,767),
(1077,8874,1493),
(1078,55411,49026),
(1079,53650,70),
(1080,976,45772),
(1081,48,120),
(1082,10989,672),
(1083,1283,869),
(1084,1245,74465),
(1085,4756,9899),
(1086,10980,675),
(1087,3141,10316),
(1088,1894,9798),
(1089,2231,1895),
(1090,13240,869),
(1091,1926,298),
(1092,10990,12444),
(1093,10991,675),
(1094,6199,672),
(1095,1923,12444),
(1096,71580,49051),
(1097,10017,871),
(1098,7399,9384),
(1099,10,62211),
(1100,19274,9502),
(1101,70851,8699),
(1102,134,32856),
(1103,114,22),
(1104,28782,605),
(1105,2283,350),
(1106,13242,869),
(1107,9777,9398),
(1108,13924,818),
(1109,2440,508),
(1110,18277,136795),
(1111,18999,559),
(1112,140368,12444),
(1113,234923,767),
(1114,21007,2698),
(1115,2039,675),
(1116,4587,9928),
(1117,886,57201),
(1118,956719,74643),
(1119,114,121),
(1120,887,9522),
(1121,31,11287),
(1122,84213,862),
(1123,31,568),
(1124,1923,675),
(1125,524,10195),
(1126,2954,131634),
(1127,5658,12444),
(1128,112,4638),
(1129,535,49026),
(1130,30614,10316),
(1131,69122,18785),
(1132,156739,100402),
(1133,3798,414),
(1134,69597,414),
(1135,335,49521),
(1136,10,10193),
(1137,3234,4599),
(1138,27972,101299),
(1139,113,49051),
(1140,3895,45772),
(1141,3051,236),
(1142,1926,163),
(1143,1245,24428),
(1144,147,36669),
(1145,514,881),
(1146,109,49051),
(1147,12133,10193),
(1148,59841,43074),
(1149,9278,32856),
(1150,11180,12445),
(1151,1328,121),
(1152,10990,675),
(1153,5577,1633),
(1154,2231,100402),
(1155,23532,39513),
(1156,1331,49051),
(1157,3798,268),
(1158,8265,2698),
(1159,504,2067),
(1160,112,2567),
(1161,11355,674),
(1162,7060,4638),
(1163,10990,12445),
(1164,51329,34544),
(1165,11207,767),
(1166,530025,101299),
(1167,17401,316023),
(1168,1283,82695),
(1169,8944,790),
(1171,17835,1593),
(1172,990136,101299),
(1173,9464,604),
(1174,1532,10776),
(1175,71580,329833),
(1176,1771,2289),
(1177,17289,9471),
(1178,3141,271110),
(1179,13240,1422),
(1180,206,11774),
(1181,69597,4327),
(1182,2176,414),
(1184,934,82695),
(1185,3223,212778),
(1186,147,1541),
(1187,3895,157336),
(1188,5469,674),
(1189,10993,12445),
(1190,3223,271110),
(1191,707,226486),
(1192,3895,10536),
(1193,40481,9481),
(1194,2368,559),
(1195,4764,4995),
(1196,15286,11003),
(1197,1640,489),
(1198,3051,745),
(1199,10860,64635),
(1200,13524,23082),
(1201,6368,1930),
(1202,7399,9824),
(1203,7676,562),
(1204,10978,671),
(1205,8691,22),
(1206,1327,127585),
(1207,39189,23082),
(1208,10132,102382),
(1209,7882,862),
(1210,55411,157336),
(1211,65,120),
(1213,3291,203801),
(1214,1771,77866),
(1215,8534,226486),
(1216,12041,10688),
(1217,388,9928),
(1218,31,862),
(1219,886,676),
(1220,1574936,1422),
(1221,1327,36657),
(1222,1542,544),
(1223,27972,131634),
(1224,7060,271110),
(1226,96851,674),
(1227,2231,680),
(1228,2219,559),
(1229,3234,10193),
(1230,2176,324668),
(1231,8691,83686),
(1232,13014,101299),
(1233,2482,1422),
(1234,6384,1637),
(1235,4935,10264),
(1236,2283,1771),
(1237,2157,9836),
(1238,7026,509),
(1239,2283,70160),
(1240,10983,675),
(1241,7399,8699),
(1242,61182,6957),
(1243,10980,672),
(1244,6949,329833),
(1245,5293,557),
(1246,448,70),
(1248,8191,49026),
(1249,3967,7131),
(1250,2295,27578),
(1251,1532,19908),
(1252,9137,2289),
(1253,55636,101299),
(1254,8189,11287),
(1255,15737,37724),
(1256,1283,241259),
(1257,287,298),
(1258,7906,10537),
(1259,3967,2567),
(1260,113,120),
(1261,887,95),
(1262,530025,131634),
(1263,3151,11520),
(1264,956719,550),
(1265,1892,489),
(1266,17401,127380),
(1267,7399,9398),
(1268,11086,744),
(1269,2053,568),
(1270,1922,163),
(1271,7167,862),
(1272,4581,7446),
(1273,22226,6957),
(1274,1283,534),
(1275,2954,10688),
(1276,1932,804),
(1277,1328,1824),
(1278,10993,767),
(1279,1269,49521),
(1280,8293,49026),
(1281,10859,72105),
(1282,3895,155),
(1283,12041,2501),
(1284,380,62838),
(1285,2231,10195),
(1286,526,77866),
(1287,8265,74465),
(1288,41091,39513),
(1289,18324,152532),
(1290,956224,674),
(1291,6162,10138),
(1292,8784,206647),
(1293,10989,767),
(1294,12901,9880),
(1295,18999,557),
(1296,7399,329833),
(1297,8930,671),
(1298,1896,2067),
(1299,44735,37799),
(1300,2975,49521),
(1301,21007,68718),
(1302,2387,127585),
(1303,3293,10710),
(1304,17832,187),
(1305,500,37233),
(1306,234921,12444),
(1307,10990,672),
(1308,10017,95),
(1309,976,27578),
(1310,51329,32856),
(1311,882,122),
(1312,4589,1493),
(1313,11355,12444),
(1314,1903,10364),
(1315,1294,74643),
(1316,96851,12444),
(1317,1210,32856),
(1318,41091,286217),
(1319,5577,415),
(1320,13240,4995),
(1321,62,680),
(1322,500,744),
(1323,20982,86834),
(1324,1813,9880),
(1325,5723,212778),
(1326,18999,558),
(1327,15661,816),
(1328,565498,393),
(1330,3896,508),
(1331,11184,12445),
(1332,234933,675),
(1333,4038,1541),
(1334,7447,509),
(1335,11357,558),
(1336,10989,12445),
(1337,4483,212778),
(1338,8447,11300),
(1339,7908,1895),
(1340,1923,12445),
(1341,11108,56292),
(1342,9208,816),
(1343,62,1571),
(1344,162924,544),
(1345,13022,27205),
(1346,477,12445),
(1347,1896,4995),
(1348,9191,673),
(1349,1893,157336),
(1350,8873,863),
(1351,1461,4944),
(1352,42317,19995),
(1353,18473,57201),
(1354,1936,164),
(1355,504,278),
(1356,14343,257211),
(1357,880,95),
(1358,526,9398),
(1359,1533,12157),
(1360,380,82693),
(1361,4173,86834),
(1362,96841,673),
(1363,1283,10264),
(1364,10743,9824),
(1365,20582,49040),
(1366,1283,62213),
(1367,1532,620),
(1368,15277,10138),
(1369,17604,24428),
(1370,192,70),
(1371,61981,9502),
(1372,20999,767),
(1373,2039,12444),
(1374,96841,671),
(1375,10991,12444),
(1376,4589,314),
(1377,27578,7326),
(1378,9191,241259),
(1379,61969,863),
(1380,70851,9502),
(1381,234929,12444),
(1382,10988,12445),
(1383,349,23629),
(1384,10992,12445),
(1385,4495,310),
(1386,3796,414),
(1387,12041,82693),
(1388,84213,863),
(1389,234926,767),
(1390,11184,12444),
(1392,2295,187),
(1393,2192,314),
(1394,14064,37247),
(1395,15440,2022),
(1396,91606,10195),
(1397,234934,114150),
(1398,534,1573),
(1399,3636,9277),
(1400,4495,11665),
(1401,1461,49047),
(1402,74568,24428),
(1403,10980,12445),
(1404,9138,634),
(1405,17052,559),
(1406,1926,9824),
(1407,2141,9824),
(1408,8349,10364),
(1409,5049,12445),
(1410,53714,9522),
(1411,1533,137),
(1412,8447,1637),
(1413,884,1635),
(1414,4587,83542),
(1415,7624,10138),
(1416,1230,74643),
(1417,6193,68718),
(1418,6368,424),
(1419,10205,39513),
(1420,72129,131634),
(1421,535,157336),
(1422,4038,83542),
(1423,18999,77866),
(1424,1231,4995),
(1425,7795,11520),
(1426,976,76163),
(1427,16935,31052),
(1428,134,8866),
(1429,2037,155),
(1430,1895,161),
(1431,62,27578),
(1432,38334,11774),
(1433,69122,2157),
(1434,11086,861),
(1435,21007,6957),
(1436,5064,11631),
(1437,2296,187),
(1438,1643,12445),
(1439,113,121),
(1440,11806,10137),
(1441,28782,604),
(1442,9642,11774),
(1443,79079,10195),
(1444,3798,415),
(1445,60348,12444),
(1446,1333,120),
(1447,530025,70160),
(1448,4566,672),
(1449,1121,76338),
(1450,3926,49040),
(1451,12041,324668),
(1452,28638,8699),
(1453,15286,9472),
(1454,6968,36657),
(1455,18973,50544),
(1456,3636,903),
(1457,1331,83542),
(1458,91606,24428),
(1459,9137,1574),
(1460,22226,271110),
(1461,7907,62211),
(1462,16165,76492),
(1463,140367,12444),
(1464,4038,287),
(1465,3291,509),
(1466,5293,2567),
(1467,9138,767),
(1468,6837,11520),
(1469,59841,18785),
(1470,7907,863),
(1471,140,24),
(1472,7060,44147),
(1473,1245,271110),
(1474,55636,9654),
(1475,18973,72105),
(1476,3061,80278),
(1477,10991,12445),
(1478,96841,12445),
(1479,4495,773),
(1480,1898,161),
(1481,655,120),
(1482,134,68718),
(1483,121953,350),
(1484,11355,12445),
(1485,2505,559),
(1486,19292,1824),
(1487,39189,45772),
(1488,1333,121),
(1489,112,49051),
(1490,13924,817),
(1491,3234,1584),
(1492,13242,45243),
(1493,1894,298),
(1494,13922,818),
(1495,3300,767),
(1496,11108,39513),
(1497,3926,163),
(1498,10978,45772),
(1499,51329,83686),
(1500,1429470,57201),
(1501,9191,767),
(1502,1898,298),
(1503,8189,568),
(1504,9777,676),
(1505,20982,122),
(1506,11180,1771),
(1507,3223,10528),
(1508,10655,672),
(1509,819,9654),
(1510,9273,209112),
(1511,454,70),
(1512,3291,508),
(1513,234925,675),
(1514,109,122),
(1515,38334,9398),
(1516,8944,10330),
(1517,4483,37247),
(1518,11769,559),
(1519,10978,672),
(1520,8191,568),
(1521,52865,10138),
(1522,192,49026),
(1523,4492,310),
(1524,17604,168672),
(1525,11207,12444),
(1526,517,714),
(1527,1365,36669),
(1528,5309,36669),
(1529,1813,32856),
(1530,11179,672),
(1531,23532,9472),
(1532,96066,131634),
(1533,1278367,37799),
(1534,3894,49026),
(1535,11357,68728),
(1536,59841,72105),
(1537,517,11631),
(1538,10127,10364),
(1539,589,393),
(1540,17051,558),
(1541,1283,675),
(1542,8873,43074),
(1543,234928,12445),
(1544,1542,137),
(1545,1333,122),
(1546,287,4944),
(1547,4724,568),
(1548,31,10193),
(1549,2536,24),
(1550,7166,629),
(1551,1233,10316),
(1552,67773,10141),
(1553,23659,9384),
(1554,11207,675),
(1555,1204,32856),
(1556,14329,773),
(1557,214701,10193),
(1558,96066,70160),
(1559,349,274),
(1560,147,187),
(1561,4566,508),
(1562,4937,787),
(1563,65827,290250),
(1564,131,141),
(1565,7056,675),
(1566,20582,242582),
(1567,2141,278),
(1568,192,2698),
(1569,134,102382),
(1570,73968,209112),
(1571,7447,7552),
(1572,8293,261860),
(1573,205,558),
(1574,3300,12444),
(1576,1369,597),
(1577,14064,10364),
(1578,5309,10549),
(1579,6752,1571),
(1580,95469,4599),
(1581,1100,861),
(1582,6576,278),
(1583,10993,675),
(1584,52603,278),
(1585,214701,862),
(1586,4483,9502),
(1587,54693,1930),
(1588,15758,1574),
(1589,52603,807),
(1590,3234,863),
(1591,20982,102382),
(1592,64,673),
(1593,2037,27205),
(1594,4038,36685),
(1595,9281,557),
(1596,113,1895),
(1597,139549,206647),
(1598,3141,271718),
(1599,9594,37247),
(1600,884,95),
(1601,95469,807),
(1602,17064,83542),
(1603,5309,714),
(1604,12900,862),
(1605,28640,9778),
(1606,3125,8818),
(1607,234922,12445),
(1608,707,676),
(1609,15758,32856),
(1610,7624,24428),
(1611,44735,209112),
(1612,9191,12445),
(1613,4430,861),
(1614,20999,12445),
(1615,8872,1552),
(1616,18973,44214),
(1617,206,310),
(1618,3151,10549),
(1619,1893,161),
(1620,28633,544),
(1621,2207,290250),
(1622,9464,605),
(1623,7882,10193),
(1624,113,62213),
(1625,10993,674),
(1626,990136,70160),
(1627,6193,27205),
(1628,127048,43074),
(1629,109,187),
(1630,85,241259),
(1631,17832,62838),
(1632,388,767),
(1633,43775,39513),
(1634,10992,671),
(1635,6949,4944),
(1636,532,5503),
(1637,1892,157336),
(1639,2053,242582),
(1640,1245,212778),
(1641,4566,767),
(1642,4430,261860),
(1643,20818,2022),
(1644,228,568),
(1645,11357,559),
(1646,15737,12445),
(1647,16828,24428),
(1648,4495,8699),
(1649,7399,544),
(1650,69597,141),
(1651,112,120),
(1652,1834,674),
(1653,477,672),
(1654,17064,37724),
(1655,2368,558),
(1656,15737,12444),
(1658,5587,43347),
(1659,1064,10537),
(1660,10727,83686),
(1661,1923,163),
(1662,887,1593),
(1663,61182,18785),
(1664,13924,816),
(1665,4589,355008),
(1666,37625,102382),
(1667,524,2289),
(1668,43461,807),
(1669,8534,1633),
(1670,11006,127585),
(1671,8,863),
(1672,18324,10137),
(1673,7624,1930),
(1674,70851,7446),
(1675,72129,70160),
(1676,1271,298),
(1677,38334,9928),
(1678,69122,4995),
(1679,79079,24428),
(1680,8191,1571),
(1681,6573,1573),
(1682,5293,559),
(1683,585,272),
(1684,9138,12445),
(1685,1896,298),
(1686,2296,12096),
(1687,380,257211),
(1688,865,9824),
(1689,2975,603),
(1690,18999,7326),
(1691,10988,674),
(1692,1665,10528),
(1693,156739,605),
(1694,3141,3981),
(1695,65,10264),
(1696,40481,11774),
(1697,1064,9471),
(1698,52603,7350),
(1699,1574936,49026),
(1700,19923,714),
(1702,349,49040),
(1703,10989,673),
(1704,51329,82693),
(1705,131,43347),
(1706,4139,72105),
(1707,10983,12444),
(1708,12901,10193),
(1709,537,10330),
(1710,7399,80035),
(1711,17289,508),
(1712,7904,10549),
(1713,10988,675),
(1714,11357,557),
(1715,1898,310),
(1716,41091,16614),
(1717,20999,675),
(1718,477,11631),
(1719,1121,629),
(1720,139,8866),
(1721,1233,101299),
(1722,15831,10193),
(1723,6968,82695),
(1724,9594,141),
(1725,5149,62211),
(1726,1640,76338),
(1727,27578,127585),
(1728,11212,673),
(1729,3911,275),
(1730,147,393),
(1731,4566,673),
(1732,110,8963),
(1733,227,2157),
(1734,884,11003),
(1735,54693,50544),
(1736,140,1574),
(1737,1897,1858),
(1738,4581,1593),
(1739,64,675),
(1740,11179,671),
(1741,28638,11665),
(1742,113,118),
(1743,234928,767),
(1744,1327,122),
(1745,7624,100402),
(1746,4756,9377),
(1747,3300,675),
(1748,55636,70160),
(1749,18324,8963),
(1750,14407,9471),
(1751,1923,767),
(1752,1925,298),
(1753,192,272),
(1754,22226,8699),
(1755,23659,9722),
(1756,48,121),
(1757,41091,329833),
(1758,10730,508),
(1759,2157,1593),
(1761,1231,131634),
(1762,524,9398),
(1763,13022,12560),
(1764,19153,558),
(1765,5309,37724),
(1766,19153,557),
(1767,4581,4638),
(1768,212604,114150),
(1769,6941,4327),
(1770,67773,1552),
(1771,234926,674),
(1772,140,4327),
(1773,110,121),
(1774,4587,314),
(1775,47533,131634),
(1776,192,807),
(1777,5151,141),
(1778,15286,9398),
(1779,2299,9676),
(1780,110,122),
(1781,956224,767),
(1782,6576,1422),
(1783,42317,37799),
(1784,4566,671),
(1785,887,421),
(1786,1893,489),
(1787,15318,2567),
(1788,11701,787),
(1789,1365,122),
(1790,1328,120),
(1791,10205,43074),
(1792,17052,157336),
(1793,77069,329833),
(1794,19278,271718),
(1795,140367,675),
(1796,7624,271110),
(1797,3636,642),
(1798,1640,65754),
(1799,448,62838),
(1800,57755,19908),
(1801,9462,605),
(1802,20818,11003),
(1803,10655,671),
(1804,477,673),
(1805,7795,10364),
(1806,1771,19995),
(1807,1893,298),
(1809,4937,8699),
(1810,19274,6957),
(1811,2535,415),
(1812,109,121),
(1813,14343,242582),
(1814,3125,36669),
(1815,109,120),
(1816,1328,122),
(1817,537,77),
(1818,8930,36669),
(1819,10978,675),
(1820,57755,131634),
(1821,8534,597),
(1822,15831,863),
(1823,4038,226486),
(1824,4175,39513),
(1825,1932,4808),
(1826,5587,9824),
(1827,4432,314),
(1828,71070,11631),
(1829,13014,70160),
(1830,3801,11300),
(1831,192,155),
(1832,62,187),
(1833,234922,674),
(1834,234933,674),
(1835,589,24),
(1836,49265,11132),
(1837,12898,10193),
(1838,19,7326),
(1839,10983,672),
(1840,64,49026),
(1841,500,7446),
(1842,47533,10688),
(1843,19278,16614),
(1844,1922,243),
(1845,14343,76338),
(1846,2536,393),
(1847,454,168672),
(1848,10989,44147),
(1849,4432,10141),
(1850,1920,44214),
(1851,7060,508),
(1852,1283,12444),
(1853,1897,161),
(1854,19545,862),
(1855,10980,12444),
(1856,18277,1493),
(1857,212604,316023),
(1858,1331,121),
(1859,886,155),
(1860,477,767),
(1861,5081,44147),
(1862,882,120),
(1863,227,12560),
(1864,9278,152532),
(1865,1813,257211),
(1866,10980,671),
(1867,819,49040),
(1868,3899,272),
(1869,11769,557),
(1870,9278,676),
(1871,4038,329833),
(1872,91606,76338),
(1873,7026,241259),
(1874,173451,254),
(1875,7624,1771),
(1876,8785,109445),
(1877,3894,155),
(1878,62,745),
(1879,234922,675),
(1880,477,45772),
(1881,60348,58595),
(1882,13014,241259),
(1883,7676,620),
(1884,8191,95),
(1885,880,68734),
(1886,11212,12445),
(1887,514,1422),
(1888,28633,50544),
(1889,1893,10688),
(1890,10993,673),
(1891,1813,157336),
(1892,3223,10138),
(1893,212604,257211),
(1894,349,2034),
(1895,20582,49026),
(1896,2505,74643),
(1897,1892,74465),
(1898,10988,673),
(1899,10978,767),
(1900,3796,268),
(1901,17419,68734),
(1902,5538,1422),
(1903,234923,674),
(1904,7060,49051),
(1905,524,1895),
(1906,1936,10364),
(1907,2954,10316),
(1908,27105,45243),
(1909,1892,161),
(1910,1532,43074),
(1911,5723,1573),
(1912,10991,672),
(1913,2157,9928),
(1914,53714,10528),
(1916,157626,862),
(1917,11212,12444),
(1918,139,415),
(1919,19,127380),
(1920,882,95),
(1921,17064,206647),
(1922,23659,9522),
(1923,5472,11631),
(1924,6193,2567),
(1925,127048,23082),
(1926,1925,163),
(1927,2482,12444),
(1928,3223,1726),
(1929,1813,11665),
(1930,4724,881),
(1931,7056,673),
(1932,16119,274),
(1933,12133,862),
(1934,1532,11665),
(1935,12052,807),
(1936,74568,22970),
(1937,956719,557),
(1938,10205,19995),
(1939,886,95),
(1940,234923,675),
(1941,17605,10195),
(1942,9273,168672),
(1943,3125,11287),
(1944,1331,603),
(1945,1574936,82693),
(1946,1360008,1422),
(1947,1330,122),
(1948,2207,1633),
(1949,1230,68734),
(1950,9594,642),
(1951,15758,9481),
(1952,6968,7131),
(1953,1936,539),
(1954,11108,54138),
(1955,4587,36669),
(1956,1100,415),
(1957,7166,355008),
(1958,8785,12445),
(1959,3293,68728),
(1960,16935,11287),
(1961,827,163),
(1962,11109,4638),
(1963,3895,818),
(1964,3293,7980),
(1965,9278,23082),
(1966,1018947,24428),
(1967,55636,651),
(1968,6384,1552),
(1969,140,9471),
(1970,1895,163),
(1971,9048,24428),
(1972,19274,141),
(1973,500,56292),
(1974,1900,298),
(1975,234929,12445),
(1976,69122,817),
(1977,4935,27205),
(1979,568374,12445),
(1980,54693,102382),
(1981,1331,9836),
(1982,3291,83542),
(1983,7795,37247),
(1984,96841,12444),
(1985,882,121),
(1987,17052,32856),
(1988,15318,607),
(1990,884,76492),
(1991,1331,1771),
(1992,20089,23629),
(1993,64,12445),
(1994,10297,7446),
(1995,6384,605),
(1996,1894,163),
(1997,1895,298),
(1998,2037,2289),
(1999,57755,101299),
(2000,1461,415),
(2001,7911,862),
(2002,1294,8699),
(2003,2053,597),
(2004,3895,49026),
(2005,53807,203801),
(2006,3896,34544),
(2007,237455,101299),
(2008,1230,152760),
(2009,140368,674),
(2010,30614,290250),
(2011,934,86834),
(2012,74568,54138),
(2013,65,2567),
(2014,7026,12444),
(2015,1294,9472),
(2016,335,676),
(2017,112,152760),
(2018,19274,39513),
(2019,5151,74643),
(2020,96851,675),
(2021,11207,673),
(2022,237455,131634),
(2023,15737,767),
(2024,6573,68721),
(2025,1923,671),
(2026,35,102382),
(2027,7906,10137),
(2028,65827,1858);

INSERT INTO CASTING (Castid, ActorNo,MovieNo) values (2029,5576,414),
(2030,5658,674),
(2031,3291,245),
(2032,10205,22970),
(2033,14329,2698),
(2034,11212,675),
(2035,287,72190),
(2036,13014,12444),
(2037,43775,5503),
(2038,7624,36657),
(2039,228,37233),
(2040,10981,9676),
(2041,819,550),
(2042,1923,672),
(2043,1333,254),
(2044,43461,568),
(2045,1894,161),
(2046,9191,12444),
(2047,72129,168672),
(2048,17832,23629),
(2049,3061,1635),
(2050,206,414),
(2051,1271,161),
(2052,2231,1771),
(2053,7399,10710),
(2054,1533,712),
(2055,6949,9486);

